raw,kalman
2060.00,2058.62
2067.00,2058.71
2057.00,2058.69
2063.00,2058.74
2058.00,2058.73
2057.00,2058.71
2065.00,2058.78
2063.00,2058.82
2063.00,2058.87
2059.00,2058.87
2063.00,2058.91
2057.00,2058.89
2059.00,2058.90
2059.00,2058.90
2055.00,2058.86
2063.00,2058.90
2063.00,2058.94
2063.00,2058.98
2063.00,2059.02
2059.00,2059.02
2067.00,2059.10
2058.00,2059.09
2063.00,2059.13
2057.00,2059.11
2065.00,2059.17
2058.00,2059.16
2063.00,2059.19
2065.00,2059.25
2063.00,2059.29
2059.00,2059.29
2067.00,2059.36
2063.00,2059.40
2067.00,2059.47
2065.00,2059.53
2067.00,2059.60
2063.00,2059.63
2069.00,2059.73
2059.00,2059.72
2063.00,2059.75
2063.00,2059.78
2067.00,2059.85
2053.00,2059.79
2063.00,2059.82
2057.00,2059.79
2065.00,2059.84
2068.00,2059.92
2058.00,2059.90
2063.00,2059.93
2055.00,2059.88
2059.00,2059.88
2063.00,2059.91
2063.00,2059.94
2060.00,2059.94
2057.00,2059.91
2063.00,2059.94
2055.00,2059.89
2057.00,2059.86
2063.00,2059.89
2067.00,2059.96
2063.00,2059.99
2065.00,2060.04
2063.00,2060.06
2058.00,2060.05
2063.00,2060.07
2067.00,2060.14
2067.00,2060.20
2059.00,2060.19
2057.00,2060.16
2057.00,2060.13
2063.00,2060.16
2057.00,2060.13
2059.00,2060.12
2063.00,2060.14
2063.00,2060.17
2065.00,2060.21
2053.00,2060.15
2063.00,2060.18
2053.00,2060.11
2063.00,2060.14
2053.00,2060.07
2063.00,2060.10
2057.00,2060.07
2057.00,2060.04
2056.00,2060.00
2058.00,2059.99
2059.00,2059.98
2059.00,2059.97
2063.00,2060.00
2055.00,2059.95
2059.00,2059.94
2057.00,2059.92
2059.00,2059.91
2063.00,2059.94
2059.00,2059.93
2053.00,2059.87
2059.00,2059.86
2056.00,2059.83
2059.00,2059.82
2063.00,2059.85
2057.00,2059.82
2063.00,2059.85
2057.00,2059.83
2063.00,2059.85
2063.00,2059.88
2063.00,2059.91
2059.00,2059.90
2059.00,2059.89
2057.00,2059.87
2066.00,2059.92
2065.00,2059.96
2059.00,2059.95
2055.00,2059.91
2059.00,2059.90
2055.00,2059.86
2063.00,2059.89
2055.00,2059.85
2059.00,2059.84
2057.00,2059.82
2057.00,2059.79
2063.00,2059.82
2065.00,2059.86
2063.00,2059.89
2059.00,2059.88
2057.00,2059.86
2058.00,2059.84
2057.00,2059.82
2057.00,2059.80
2063.00,2059.82
2063.00,2059.85
2059.00,2059.84
2063.00,2059.87
2057.00,2059.84
2058.00,2059.83
2055.00,2059.79
2059.00,2059.78
2059.00,2059.78
2055.00,2059.74
2055.00,2059.70
2043.00,2059.57
2055.00,2059.54
2059.00,2059.53
2059.00,2059.53
2059.00,2059.53
2055.00,2059.49
2063.00,2059.52
2059.00,2059.51
2056.00,2059.49
2045.00,2059.37
2059.00,2059.37
2054.00,2059.33
2057.00,2059.31
2056.00,2059.28
2059.00,2059.28
2045.00,2059.17
2059.00,2059.17
2056.00,2059.14
2059.00,2059.14
2056.00,2059.12
2059.00,2059.12
2056.00,2059.09
2053.00,2059.04
2057.00,2059.03
2059.00,2059.03
2057.00,2059.01
2055.00,2058.98
2059.00,2058.98
2057.00,2058.97
2045.00,2058.86
2053.00,2058.82
2058.00,2058.81
2053.00,2058.76
2055.00,2058.73
2044.00,2058.62
2055.00,2058.59
2056.00,2058.57
2057.00,2058.56
2054.00,2058.52
2043.00,2058.40
2057.00,2058.39
2053.00,2058.35
2059.00,2058.35
2055.00,2058.32
2035.00,2058.14
2057.00,2058.13
2063.00,2058.17
2059.00,2058.18
2057.00,2058.17
2055.00,2058.14
2045.00,2058.03
2057.00,2058.03
2058.00,2058.03
2053.00,2057.98
2063.00,2058.03
2059.00,2058.03
2058.00,2058.03
2053.00,2057.99
2055.00,2057.97
2056.00,2057.95
2055.00,2057.93
2055.00,2057.91
2055.00,2057.88
2057.00,2057.88
2055.00,2057.85
2056.00,2057.84
2055.00,2057.82
2057.00,2057.81
2057.00,2057.80
2055.00,2057.78
2058.00,2057.78
2055.00,2057.76
2055.00,2057.74
2044.00,2057.64
2057.00,2057.63
2053.00,2057.59
2059.00,2057.61
2063.00,2057.65
2057.00,2057.64
2045.00,2057.55
2043.00,2057.43
2055.00,2057.41
2058.00,2057.42
2056.00,2057.41
2057.00,2057.40
2056.00,2057.39
2057.00,2057.39
2045.00,2057.29
2056.00,2057.28
2055.00,2057.26
2057.00,2057.26
2067.00,2057.34
2065.00,2057.40
2070.00,2057.50
2085.00,2057.72
2117.00,2058.21
2149.00,2059.06
2189.00,2060.47
2223.00,2062.66
2248.00,2065.91
2269.00,2070.68
2291.00,2077.73
2333.00,2088.97
2382.00,2107.25
2429.00,2136.22
2469.00,2179.12
2511.00,2237.78
2535.00,2305.32
2568.00,2375.18
2595.00,2438.62
2631.00,2495.09
2660.00,2542.75
2696.00,2585.29
2727.00,2623.01
2759.00,2657.64
2778.00,2687.08
2791.00,2711.28
2796.00,2729.88
2796.00,2743.38
2808.00,2755.52
2823.00,2767.33
2840.00,2779.37
2857.00,2791.75
2869.00,2803.77
2887.00,2816.45
2895.00,2828.30
2895.00,2838.21
2907.00,2848.12
2921.00,2858.39
2927.00,2867.93
2943.00,2878.17
2955.00,2888.60
2963.00,2898.67
2967.00,2907.86
2969.00,2915.97
2968.00,2922.71
2963.00,2927.76
2968.00,2932.55
2973.00,2937.16
2984.00,2942.30
2975.00,2945.81
2985.00,2949.82
2983.00,2953.12
2974.00,2955.13
2973.00,2956.75
2984.00,2959.09
2981.00,2960.92
2988.00,2963.08
2998.00,2965.79
2999.00,2968.34
3015.00,2971.87
3003.00,2974.24
3027.00,2978.20
3028.00,2982.02
3031.00,2985.82
3038.00,2989.92
3037.00,2993.68
3035.00,2997.00
3048.00,3001.08
3054.00,3005.37
3053.00,3009.29
3061.00,3013.56
3075.00,3018.70
3068.00,3022.93
3065.00,3026.55
3069.00,3030.18
3065.00,3033.13
3076.00,3036.69
3077.00,3040.03
3087.00,3043.89
3080.00,3046.87
3077.00,3049.31
3079.00,3051.67
3083.00,3054.10
3090.00,3056.83
3083.00,3058.80
3087.00,3060.87
3095.00,3063.33
3091.00,3065.31
3087.00,3066.83
3095.00,3068.75
3093.00,3070.38
3092.00,3071.80
3089.00,3072.91
3087.00,3073.79
3091.00,3074.82
3091.00,3075.77
3095.00,3076.87
3091.00,3077.66
3095.00,3078.60
3087.00,3079.05
3091.00,3079.67
3097.00,3080.53
3091.00,3081.05
3095.00,3081.71
3099.00,3082.52
3091.00,3082.92
3103.00,3083.82
3097.00,3084.41
3100.00,3085.09
3102.00,3085.82
3101.00,3086.47
3103.00,3087.17
3098.00,3087.62
3099.00,3088.08
3103.00,3088.68
3097.00,3089.01
3099.00,3089.40
3093.00,3089.54
3091.00,3089.59
3083.00,3089.36
3091.00,3089.41
3089.00,3089.40
3067.00,3088.67
3068.00,3087.98
3079.00,3087.68
3061.00,3086.81
3069.00,3086.21
3055.00,3085.17
3049.00,3083.93
3043.00,3082.47
3021.00,3080.20
3017.00,3077.68
2999.00,3074.30
2989.00,3070.26
2969.00,3064.94
2927.00,3056.74
2891.00,3045.05
2829.00,3026.51
2772.00,2998.66
2712.00,2958.03
2638.00,2899.68
2585.00,2827.24
2541.00,2749.16
2521.00,2680.67
2492.00,2623.28
2463.00,2575.96
2440.00,2537.82
2411.00,2504.47
2379.00,2473.36
2343.00,2442.50
2315.00,2413.19
2293.00,2386.28
2271.00,2361.23
2252.00,2338.18
2231.00,2316.26
2215.00,2296.11
2203.00,2278.14
2191.00,2261.90
2173.00,2245.94
2168.00,2232.34
2158.00,2219.86
2147.00,2208.08
2131.00,2196.03
2123.00,2184.87
2117.00,2174.76
2117.00,2166.40
2109.00,2158.42
2105.00,2151.25
2105.00,2145.27
2103.00,2140.04
2104.00,2135.77
2101.00,2131.86
2095.00,2127.89
2091.00,2124.08
2091.00,2120.77
2093.00,2118.09
2093.00,2115.78
2089.00,2113.41
2089.00,2111.33
2085.00,2109.17
2087.00,2107.41
2084.00,2105.62
2084.00,2104.01
2079.00,2102.21
2079.00,2100.58
2079.00,2099.11
2077.00,2097.63
2077.00,2096.29
2075.00,2094.94
2076.00,2093.77
2077.00,2092.75
2077.00,2091.82
2077.00,2090.98
2079.00,2090.31
2077.00,2089.59
2085.00,2089.35
2073.00,2088.53
2079.00,2088.06
2079.00,2087.63
2076.00,2087.09
2087.00,2087.08
2079.00,2086.73
2079.00,2086.40
2083.00,2086.26
2083.00,2086.13
2079.00,2085.86
2079.00,2085.60
2079.00,2085.36
2079.00,2085.13
2077.00,2084.85
2077.00,2084.58
2078.00,2084.35
2077.00,2084.11
2075.00,2083.82
2083.00,2083.79
2075.00,2083.52
2079.00,2083.38
2079.00,2083.25
2084.00,2083.27
2079.00,2083.15
2079.00,2083.03
2077.00,2082.87
2079.00,2082.76
2082.00,2082.74
2079.00,2082.64
2078.00,2082.53
2079.00,2082.44
2079.00,2082.35
2085.00,2082.42
2083.00,2082.43
2084.00,2082.47
2076.00,2082.32
2077.00,2082.20
2075.00,2082.04
2077.00,2081.93
2083.00,2081.95
2079.00,2081.89
2073.00,2081.70
2084.00,2081.75
2077.00,2081.65
2083.00,2081.68
2079.00,2081.63
2084.00,2081.67
2078.00,2081.60
2083.00,2081.63
2079.00,2081.58
2084.00,2081.62
2078.00,2081.56
2085.00,2081.62
2075.00,2081.50
2087.00,2081.60
2084.00,2081.64
2085.00,2081.70
2076.00,2081.60
2085.00,2081.66
2079.00,2081.62
2077.00,2081.54
2075.00,2081.43
2083.00,2081.45
2077.00,2081.38
2100.00,2081.69
2121.00,2082.34
2165.00,2083.80
2220.00,2086.55
2279.00,2091.36
2336.00,2099.55
2410.00,2114.29
2454.00,2138.57
2503.00,2177.62
2541.00,2234.42
2580.00,2307.87
2633.00,2393.84
2688.00,2483.20
2751.00,2570.36
2831.00,2657.22
2867.00,2727.79
2902.00,2784.09
2925.00,2826.86
2943.00,2859.39
2951.00,2882.90
2979.00,2905.28
2975.00,2920.43
2994.00,2935.03
2988.00,2944.86
3000.00,2954.24
2999.00,2961.35
3017.00,2969.57
3027.00,2977.66
3037.00,2985.72
3045.00,2993.53
3061.00,3002.21
3087.00,3013.00
3080.00,3021.68
3092.00,3030.69
3099.00,3039.40
3099.00,3046.95
3097.00,3053.16
3091.00,3057.70
3099.00,3062.43
3101.00,3066.68
3093.00,3069.47
3094.00,3071.94
3093.00,3073.95
3087.00,3075.13
3091.00,3076.47
3096.00,3078.05
3106.00,3080.21
3098.00,3081.55
3093.00,3082.38
3095.00,3083.25
3095.00,3084.02
3095.00,3084.72
3097.00,3085.46
3096.00,3086.08
3089.00,3086.25
3090.00,3086.45
3089.00,3086.58
3087.00,3086.60
3089.00,3086.71
3083.00,3086.55
3089.00,3086.65
3067.00,3085.83
3081.00,3085.63
3083.00,3085.53
3067.00,3084.80
3087.00,3084.89
3079.00,3084.67
3068.00,3084.06
3083.00,3084.02
3077.00,3083.77
3064.00,3083.09
3067.00,3082.54
3063.00,3081.86
3054.00,3080.90
3052.00,3079.88
3051.00,3078.85
3047.00,3077.68
3037.00,3076.16
3045.00,3074.94
3035.00,3073.36
3037.00,3071.86
3031.00,3070.14
3035.00,3068.60
3031.00,3066.92
3027.00,3065.09
3027.00,3063.29
3029.00,3061.64
3017.00,3059.45
3005.00,3056.68
2995.00,3053.40
2997.00,3050.21
2987.00,3046.47
2985.00,3042.63
2975.00,3038.20
2964.00,3033.06
2952.00,3027.09
2926.00,3019.12
2908.00,3009.50
2887.00,2997.78
2844.00,2981.40
2793.00,2958.38
2745.00,2927.65
2696.00,2888.17
2631.00,2836.83
2555.00,2771.41
2489.00,2696.20
2423.00,2615.84
2363.00,2536.79
2317.00,2466.44
2275.00,2406.05
2246.00,2357.44
2217.00,2317.25
2199.00,2285.53
2175.00,2258.00
2169.00,2237.24
2157.00,2219.95
2157.00,2207.36
2148.00,2196.44
2139.00,2186.65
2130.00,2177.59
2134.00,2171.01
2118.00,2163.53
2119.00,2157.52
2117.00,2152.33
2110.00,2147.18
2105.00,2142.26
2109.00,2138.53
2107.00,2135.16
2109.00,2132.49
2105.00,2129.83
2104.00,2127.43
2103.00,2125.26
2101.00,2123.19
2101.00,2121.37
2099.00,2119.60
2093.00,2117.57
2099.00,2116.19
2095.00,2114.68
2091.00,2113.03
2091.00,2111.54
2089.00,2110.05
2087.00,2108.56
2089.00,2107.32
2087.00,2106.07
2085.00,2104.80
2087.00,2103.74
2087.00,2102.78
2085.00,2101.78
2084.00,2100.80
2085.00,2099.94
2086.00,2099.21
2087.00,2098.58
2088.00,2098.05
2083.00,2097.32
2089.00,2096.92
2087.00,2096.46
2091.00,2096.22
2083.00,2095.64
2087.00,2095.27
2086.00,2094.88
2088.00,2094.60
2085.00,2094.22
2089.00,2094.02
2085.00,2093.68
2091.00,2093.58
2092.00,2093.52
2109.00,2094.06
2139.00,2095.62
2195.00,2099.23
2283.00,2106.90
2395.00,2122.46
2491.00,2151.37
2573.00,2201.94
2621.00,2277.81
2663.00,2373.99
2693.00,2471.78
2727.00,2557.09
2764.00,2626.51
2807.00,2684.58
2833.00,2729.78
2867.00,2768.63
2871.00,2795.77
2893.00,2819.31
2891.00,2835.39
2925.00,2853.68
2937.00,2869.85
2957.00,2885.93
2957.00,2898.59
2963.00,2909.48
2967.00,2918.70
2968.00,2926.17
2972.00,2932.71
2991.00,2940.57
2983.00,2946.12
3002.00,2953.07
3005.00,2959.38
3017.00,2966.19
3017.00,2972.10
3026.00,2978.23
3025.00,2983.47
3033.00,2988.86
3021.00,2992.30
3028.00,2995.95
3031.00,2999.41
3034.00,3002.72
3020.00,3004.32
3031.00,3006.65
3029.00,3008.54
3025.00,3009.87
3019.00,3010.58
3019.00,3011.19
3015.00,3011.45
3017.00,3011.81
3013.00,3011.89
3017.00,3012.18
3006.00,3011.84
3013.00,3011.90
3003.00,3011.45
3006.00,3011.18
3005.00,3010.89
3004.00,3010.58
3003.00,3010.24
3014.00,3010.40
2989.00,3009.52
2999.00,3009.08
3002.00,3008.79
2991.00,3008.09
2995.00,3007.57
3013.00,3007.78
2980.00,3006.73
2975.00,3005.52
2967.00,3004.01
2959.00,3002.19
2924.00,2998.88
2899.00,2994.23
2852.00,2986.70
2807.00,2975.26
2757.00,2957.87
2697.00,2931.09
2631.00,2890.53
2567.00,2833.01
2500.00,2757.58
2453.00,2674.13
2391.00,2587.50
2342.00,2507.96
2279.00,2433.39
2259.00,2377.24
2223.00,2330.54
2204.00,2294.63
2189.00,2266.92
2174.00,2244.52
2169.00,2227.73
2159.00,2213.72
2141.00,2200.04
2132.00,2187.97
2123.00,2177.08
2121.00,2168.15
2109.00,2159.25
2117.00,2153.16
2116.00,2148.14
2105.00,2142.67
2104.00,2137.99
2107.00,2134.42
2105.00,2131.21
2107.00,2128.70
2101.00,2125.99
2100.00,2123.55
2095.00,2120.99
2104.00,2119.52
2089.00,2117.01
2093.00,2115.08
2093.00,2113.37
2090.00,2111.62
2089.00,2109.97
2091.00,2108.63
2087.00,2107.16
2093.00,2106.21
2087.00,2104.98
2094.00,2104.30
2087.00,2103.26
2089.00,2102.43
2087.00,2101.56
2092.00,2101.03
2084.00,2100.12
2087.00,2099.44
2085.00,2098.71
2093.00,2098.42
2085.00,2097.78
2090.00,2097.42
2094.00,2097.26
2101.00,2097.42
2099.00,2097.49
2115.00,2098.20
2111.00,2098.72
2135.00,2100.16
2147.00,2102.07
2168.00,2104.89
2187.00,2108.68
2201.00,2113.39
2221.00,2119.52
2255.00,2128.30
2285.00,2140.22
2335.00,2157.91
2412.00,2186.38
2491.00,2230.42
2547.00,2290.17
2607.00,2364.82
2657.00,2446.02
2701.00,2523.98
2744.00,2593.47
2785.00,2653.35
2823.00,2704.56
2861.00,2749.60
2889.00,2787.83
2916.00,2821.12
2921.00,2845.69
2931.00,2865.13
2932.00,2879.21
2951.00,2893.05
2951.00,2903.51
2965.00,2913.83
2952.00,2919.88
2955.00,2925.00
2954.00,2928.91
2963.00,2933.17
2969.00,2937.39
2984.00,2942.61
2988.00,2947.56
3000.00,2953.14
3005.00,2958.59
3013.00,2964.25
3019.00,2969.91
3031.00,2976.20
3017.00,2980.42
3021.00,2984.51
3023.00,2988.29
3029.00,2992.18
3019.00,2994.69
3037.00,2998.50
3032.00,3001.47
3035.00,3004.37
3033.00,3006.79
3037.00,3009.27
3032.00,3011.09
3032.00,3012.71
3029.00,3013.92
3034.00,3015.35
3021.00,3015.75
3032.00,3016.81
3029.00,3017.58
3026.00,3018.09
3007.00,3017.44
3017.00,3017.42
3005.00,3016.76
3015.00,3016.67
2999.00,3015.80
3013.00,3015.66
2999.00,3014.88
3003.00,3014.34
2983.00,3012.93
2985.00,3011.66
2973.00,3009.88
2955.00,3007.30
2925.00,3003.21
2895.00,2997.29
2847.00,2987.91
2804.00,2974.10
2741.00,2952.40
2675.00,2919.08
2601.00,2869.02
2526.00,2798.78
2446.00,2708.25
2389.00,2611.05
2333.00,2518.51
2287.00,2439.52
2259.00,2379.41
2223.00,2330.64
2204.00,2293.85
2191.00,2266.40
2181.00,2245.61
2159.00,2226.40
2155.00,2211.66
2142.00,2198.36
2137.00,2187.39
2135.00,2178.64
2125.00,2170.28
2125.00,2163.62
2118.00,2157.31
2117.00,2152.03
2117.00,2147.68
2117.00,2144.08
2111.00,2140.42
2108.00,2137.00
2109.00,2134.17
2108.00,2131.65
2102.00,2128.92
2104.00,2126.70
2103.00,2124.68
2103.00,2122.90
2101.00,2121.17
2099.00,2119.49
2102.00,2118.20
2095.00,2116.56
2095.00,2115.07
2101.00,2114.13
2096.00,2112.96
2105.00,2112.46
2101.00,2111.77
2099.00,2111.04
2093.00,2110.03
2096.00,2109.26
2099.00,2108.71
2100.00,2108.27
2101.00,2107.90
2096.00,2107.33
2100.00,2106.99
2101.00,2106.71
2099.00,2106.38
2101.00,2106.15
2105.00,2106.10
2103.00,2105.97
2107.00,2106.01
2106.00,2106.01
2120.00,2106.52
2134.00,2107.49
2152.00,2109.10
2181.00,2111.83
2197.00,2115.37
2232.00,2120.77
2277.00,2129.22
2332.00,2142.67
2393.00,2164.00
2446.00,2195.98
2494.00,2240.87
2536.00,2298.07
2578.00,2364.03
2643.00,2439.00
2685.00,2511.60
2730.00,2578.37
2764.00,2635.02
2793.00,2681.63
2811.00,2717.81
2858.00,2754.31
2904.00,2791.74
2925.00,2824.41
2929.00,2849.20
2940.00,2869.42
2957.00,2887.67
2966.00,2903.07
2975.00,2916.40
2975.00,2926.65
2991.00,2937.17
3006.00,2947.89
3013.00,2957.69
3019.00,2966.61
3029.00,2975.36
3048.00,2985.26
3053.00,2994.41
3067.00,3004.06
3076.00,3013.57
3087.00,3023.21
3095.00,3032.60
3095.00,3040.73
3081.00,3045.87
3093.00,3051.59
3090.00,3056.09
3103.00,3061.34
3119.00,3067.64
3091.00,3070.17
3095.00,3072.70
3093.00,3074.67
3091.00,3076.16
3096.00,3077.87
3102.00,3079.86
3097.00,3081.22
3083.00,3081.36
3087.00,3081.76
3091.00,3082.37
3083.00,3082.41
3080.00,3082.27
3089.00,3082.65
3087.00,3082.89
3077.00,3082.58
3081.00,3082.50
3068.00,3081.81
3079.00,3081.68
3068.00,3081.06
3077.00,3080.88
3053.00,3079.69
3061.00,3078.89
3052.00,3077.74
3053.00,3076.67
3045.00,3075.30
3021.00,3072.90
3019.00,3070.39
2983.00,3066.11
2951.00,3059.84
2902.00,3049.92
2840.00,3033.90
2761.00,3007.21
2659.00,2961.49
2555.00,2887.44
2485.00,2787.52
2421.00,2674.10
2360.00,2564.46
2303.00,2469.71
2265.00,2396.91
2228.00,2340.51
2199.00,2296.82
2185.00,2265.09
2181.00,2243.42
2169.00,2226.20
2155.00,2211.25
2146.00,2198.62
2139.00,2187.92
2139.00,2179.74
2140.00,2173.57
2133.00,2167.75
2124.00,2161.88
2125.00,2157.18
2121.00,2152.82
2118.00,2148.84
2121.00,2145.81
2117.00,2142.84
2109.00,2139.51
2111.00,2136.80
2107.00,2134.08
2109.00,2131.87
2109.00,2129.93
2116.00,2128.80
2117.00,2127.88
2111.00,2126.65
2109.00,2125.41
2115.00,2124.70
2107.00,2123.55
2107.00,2122.51
2109.00,2121.68
2117.00,2121.41
2115.00,2121.05
2109.00,2120.40
2111.00,2119.91
2109.00,2119.36
2109.00,2118.85
2117.00,2118.76
2108.00,2118.27
2111.00,2117.94
2108.00,2117.51
2117.00,2117.49
2117.00,2117.47
2117.00,2117.45
2109.00,2117.13
2119.00,2117.20
2120.00,2117.30
2111.00,2117.08
2116.00,2117.05
2135.00,2117.64
2119.00,2117.68
2127.00,2117.98
2151.00,2119.02
2195.00,2121.49
2245.00,2125.95
2285.00,2132.80
2323.00,2143.02
2357.00,2157.79
2420.00,2181.32
2507.00,2220.51
2588.00,2281.43
2654.00,2364.65
2709.00,2461.23
2744.00,2552.12
2763.00,2622.71
2783.00,2674.40
2809.00,2714.60
2825.00,2744.94
2851.00,2771.59
2872.00,2795.03
2873.00,2812.10
2886.00,2827.03
2899.00,2840.57
2903.00,2851.63
2903.00,2860.17
2931.00,2871.14
2927.00,2879.53
2959.00,2890.90
2965.00,2901.44
2983.00,2912.90
2985.00,2923.02
2995.00,2932.98
2990.00,2940.77
3005.00,2949.26
3001.00,2955.98
3005.00,2962.12
3005.00,2967.30
3015.00,2972.84
3005.00,2976.46
3007.00,2979.74
3005.00,2982.32
3012.00,2985.19
3003.00,2986.85
3003.00,2988.27
2999.00,2989.16
3007.00,2990.56
3005.00,2991.64
2991.00,2991.60
2991.00,2991.56
2991.00,2991.52
2983.00,2991.02
2997.00,2991.36
2985.00,2991.01
2989.00,2990.91
2975.00,2990.12
2983.00,2989.77
2987.00,2989.64
2975.00,2988.97
2973.00,2988.26
2980.00,2987.90
2969.00,2987.09
2959.00,2985.90
2953.00,2984.48
2953.00,2983.11
2935.00,2980.97
2935.00,2978.83
2915.00,2975.75
2893.00,2971.47
2857.00,2964.97
2831.00,2956.23
2787.00,2943.31
2735.00,2923.98
2658.00,2893.09
2599.00,2848.67
2532.00,2787.40
2450.00,2706.38
2383.00,2613.62
2311.00,2516.54
2264.00,2430.70
2229.00,2362.43
2203.00,2311.09
2190.00,2274.99
2173.00,2247.43
2171.00,2228.67
2156.00,2212.64
2149.00,2199.80
2139.00,2188.54
2137.00,2179.67
2136.00,2172.71
2134.00,2166.99
2130.00,2161.91
2125.00,2157.16
2123.00,2153.02
2126.00,2149.92
2125.00,2147.23
2121.00,2144.56
2119.00,2142.09
2121.00,2140.14
2108.00,2137.32
2111.00,2135.08
2120.00,2133.83
2119.00,2132.67
2119.00,2131.65
2111.00,2130.18
2117.00,2129.27
2119.00,2128.59
2116.00,2127.79
2117.00,2127.14
2118.00,2126.60
2119.00,2126.17
2111.00,2125.35
2111.00,2124.60
2118.00,2124.26
2121.00,2124.10
2119.00,2123.85
2123.00,2123.82
2109.00,2123.17
2121.00,2123.07
2116.00,2122.78
2119.00,2122.62
2117.00,2122.40
2119.00,2122.27
2120.00,2122.19
2119.00,2122.08
2119.00,2121.97
2124.00,2122.04
2119.00,2121.94
2121.00,2121.91
2124.00,2121.97
2132.00,2122.28
2140.00,2122.81
2149.00,2123.59
2164.00,2124.83
2203.00,2127.34
2239.00,2131.33
2285.00,2137.77
2335.00,2148.01
2394.00,2164.62
2427.00,2188.63
2464.00,2222.35
2501.00,2266.82
2533.00,2319.81
2569.00,2378.05
2619.00,2440.55
2669.00,2503.98
2724.00,2567.35
2775.00,2628.22
2815.00,2682.99
2854.00,2732.09
2875.00,2771.84
2893.00,2803.76
2907.00,2829.22
2917.00,2849.34
2933.00,2867.10
2931.00,2879.79
2943.00,2891.36
2949.00,2901.21
2943.00,2907.90
2941.00,2912.79
2955.00,2918.54
2951.00,2922.72
2953.00,2926.37
2957.00,2929.84
2961.00,2933.18
2973.00,2937.26
2991.00,2942.61
2974.00,2945.72
2984.00,2949.38
2979.00,2952.14
2979.00,2954.55
2975.00,2956.32
2975.00,2957.86
2971.00,2958.90
2973.00,2959.95
2971.00,2960.74
2971.00,2961.44
2967.00,2961.80
2967.00,2962.12
2963.00,2962.18
2965.00,2962.33
2957.00,2962.05
2957.00,2961.79
2955.00,2961.46
2959.00,2961.35
2953.00,2960.97
2957.00,2960.80
2943.00,2960.04
2951.00,2959.66
2941.00,2958.90
2940.00,2958.12
2938.00,2957.31
2941.00,2956.64
2937.00,2955.85
2937.00,2955.10
2933.00,2954.21
2937.00,2953.53
2934.00,2952.75
2927.00,2951.73
2925.00,2950.66
2919.00,2949.37
2903.00,2947.46
2887.00,2944.85
2861.00,2940.98
2822.00,2934.89
2764.00,2924.72
2709.00,2908.76
2644.00,2883.40
2587.00,2845.54
2511.00,2788.97
2438.00,2711.72
2367.00,2617.78
2317.00,2522.96
2264.00,2436.08
2221.00,2363.50
2196.00,2308.98
2184.00,2271.12
2171.00,2243.63
2163.00,2223.64
2154.00,2208.07
2150.00,2196.28
2136.00,2185.15
2129.00,2175.52
2121.00,2166.79
2123.00,2160.18
2117.00,2154.10
2123.00,2149.97
2117.00,2145.89
2119.00,2142.76
2111.00,2139.29
2119.00,2137.18
2111.00,2134.62
2111.00,2132.42
2111.00,2130.51
2109.00,2128.68
2107.00,2126.92
2110.00,2125.60
2103.00,2123.90
2109.00,2122.82
2104.00,2121.51
2108.00,2120.60
2109.00,2119.85
2108.00,2119.12
2103.00,2118.16
2119.00,2118.21
2109.00,2117.70
2110.00,2117.29
2108.00,2116.82
2119.00,2116.93
2109.00,2116.55
2111.00,2116.30
2104.00,2115.75
2109.00,2115.46
2105.00,2115.02
2117.00,2115.10
2111.00,2114.94
2117.00,2115.01
2110.00,2114.83
2116.00,2114.87
2108.00,2114.63
2110.00,2114.47
2111.00,2114.35
2117.00,2114.44
2111.00,2114.33
2117.00,2114.41
2115.00,2114.43
2111.00,2114.33
2111.00,2114.24
2123.00,2114.48
2121.00,2114.66
2129.00,2115.06
2140.00,2115.74
2174.00,2117.37
2227.00,2120.69
2293.00,2126.82
2377.00,2138.25
2463.00,2159.08
2555.00,2196.97
2648.00,2262.98
2701.00,2358.37
2776.00,2479.50
2825.00,2599.52
2870.00,2699.61
2903.00,2773.47
2934.00,2827.75
2957.00,2867.66
2971.00,2896.58
2985.00,2918.90
2996.00,2936.56
2995.00,2948.78
2999.00,2958.29
2999.00,2965.30
3013.00,2972.80
3003.00,2977.24
3019.00,2982.86
3017.00,2987.21
3029.00,2992.22
3027.00,2996.21
3030.00,2999.91
3035.00,3003.58
3037.00,3006.95
3033.00,3009.47
3043.00,3012.58
3044.00,3015.40
3037.00,3017.29
3037.00,3018.93
3034.00,3020.13
3045.00,3022.02
3047.00,3023.87
3037.00,3024.81
3041.00,3025.92
3033.00,3026.39
3035.00,3026.94
3035.00,3027.42
3035.00,3027.86
3030.00,3027.98
3032.00,3028.19
3025.00,3028.03
3022.00,3027.74
3021.00,3027.42
3028.00,3027.45
3025.00,3027.34
3017.00,3026.91
3013.00,3026.35
3013.00,3025.81
3015.00,3025.38
3007.00,3024.67
2991.00,3023.36
2995.00,3022.24
2972.00,3020.22
2955.00,3017.45
2918.00,3012.90
2875.00,3005.72
2828.00,2994.66
2773.00,2977.41
2712.00,2950.62
2620.00,2906.36
2537.00,2839.17
2459.00,2747.82
2381.00,2638.78
2324.00,2531.73
2269.00,2438.04
2229.00,2364.40
2203.00,2310.63
2188.00,2273.12
2171.00,2244.95
2165.00,2225.01
2163.00,2211.10
2155.00,2199.80
2153.00,2191.24
2149.00,2184.20
2141.00,2177.58
2142.00,2172.51
2137.00,2167.80
2136.00,2163.85
2134.00,2160.36
2138.00,2157.90
2132.00,2155.23
2135.00,2153.25
2133.00,2151.38
2136.00,2150.03
2131.00,2148.45
2131.00,2147.06
2139.00,2146.45
2141.00,2146.06
2131.00,2145.05
2133.00,2144.26
2135.00,2143.69
2133.00,2143.05
2133.00,2142.47
2137.00,2142.17
2133.00,2141.68
2139.00,2141.54
2136.00,2141.27
2135.00,2140.98
2133.00,2140.61
2137.00,2140.45
2129.00,2139.96
2139.00,2139.92
2133.00,2139.64
2135.00,2139.46
2135.00,2139.29
2135.00,2139.13
2133.00,2138.91
2135.00,2138.78
2137.00,2138.71
2138.00,2138.69
2137.00,2138.64
2132.00,2138.43
2139.00,2138.45
2134.00,2138.31
2134.00,2138.19
2137.00,2138.15
2135.00,2138.07
2131.00,2137.87
2129.00,2137.63
2127.00,2137.35
2135.00,2137.29
2131.00,2137.13
2135.00,2137.07
2140.00,2137.14
2149.00,2137.44
2199.00,2138.95
2274.00,2142.57
2373.00,2150.17
2477.00,2165.19
2581.00,2194.56
2661.00,2247.98
2739.00,2336.99
2796.00,2458.31
2847.00,2589.07
2893.00,2702.80
2940.00,2791.90
2972.00,2856.09
3005.00,2904.72
3020.00,2939.03
3027.00,2962.61
3019.00,2976.13
3016.00,2984.52
3015.00,2990.17
3007.00,2992.93
3025.00,2997.59
3033.00,3002.32
3047.00,3007.92
3052.00,3013.22
3045.00,3016.89
3055.00,3021.06
3051.00,3024.22
3053.00,3027.11
3055.00,3029.79
3043.00,3031.01
3047.00,3032.39
3049.00,3033.75
3051.00,3035.09
3045.00,3035.83
3039.00,3036.06
3045.00,3036.65
3043.00,3037.05
3035.00,3036.93
3043.00,3037.27
3037.00,3037.26
3029.00,3036.83
3032.00,3036.59
3032.00,3036.37
3037.00,3036.40
3031.00,3036.16
3031.00,3035.94
3029.00,3035.65
3027.00,3035.30
3023.00,3034.82
3013.00,3033.97
3023.00,3033.54
3022.00,3033.10
3015.00,3032.42
3019.00,3031.91
3019.00,3031.43
3019.00,3030.98
3017.00,3030.47
3007.00,3029.62
3003.00,3028.66
3000.00,3027.60
2991.00,3026.23
2984.00,3024.60
2958.00,3021.92
2933.00,3018.05
2873.00,3010.96
2821.00,2999.70
2759.00,2981.51
2681.00,2951.24
2599.00,2902.33
2523.00,2829.73
2429.00,2728.82
2361.00,2614.03
2295.00,2501.94
2252.00,2410.64
2222.00,2343.87
2203.00,2297.70
2183.00,2263.77
2168.00,2238.23
2165.00,2220.57
2152.00,2205.72
2149.00,2194.51
2145.00,2185.58
2143.00,2178.54
2137.00,2172.22
2137.00,2167.23
2139.00,2163.52
2137.00,2160.28
2137.00,2157.63
2135.00,2155.22
2137.00,2153.40
2137.00,2151.86
2136.00,2150.45
2135.00,2149.16
2136.00,2148.11
2136.00,2147.20
2131.00,2146.04
2136.00,2145.35
2138.00,2144.87
2132.00,2144.06
2137.00,2143.64
2136.00,2143.20
2136.00,2142.80
2140.00,2142.65
2137.00,2142.37
2134.00,2141.96
2135.00,2141.63
2141.00,2141.60
2134.00,2141.27
2140.00,2141.21
2140.00,2141.16
2135.00,2140.92
2137.00,2140.77
2137.00,2140.63
2137.00,2140.50
2136.00,2140.34
2138.00,2140.26
2139.00,2140.22
2139.00,2140.18
2139.00,2140.14
2141.00,2140.17
2135.00,2140.02
2139.00,2139.99
2137.00,2139.90
2140.00,2139.91
2139.00,2139.88
2139.00,2139.86
2139.00,2139.84
2155.00,2140.22
2185.00,2141.34
2231.00,2143.73
2294.00,2148.31
2357.00,2156.26
2437.00,2170.64
2505.00,2195.41
2577.00,2237.39
2645.00,2303.61
2695.00,2392.75
2733.00,2491.00
2775.00,2583.79
2809.00,2660.08
2855.00,2724.30
2880.00,2773.20
2909.00,2812.82
2935.00,2845.88
2943.00,2870.34
2957.00,2890.38
2968.00,2906.95
2975.00,2920.41
2968.00,2929.14
2967.00,2935.47
2957.00,2938.76
2961.00,2941.81
2970.00,2945.35
2991.00,2950.69
2995.00,2955.70
3003.00,2960.89
3018.00,2967.01
3027.00,2973.42
3032.00,2979.67
3036.00,2985.67
3037.00,2991.11
3029.00,2995.08
3027.00,2998.31
3027.00,3001.10
3029.00,3003.70
3037.00,3006.68
3036.00,3009.24
3020.00,3010.15
3025.00,3011.33
3031.00,3012.81
3028.00,3013.92
3029.00,3014.97
3031.00,3016.05
3017.00,3016.11
3023.00,3016.53
3031.00,3017.37
3017.00,3017.35
3023.00,3017.66
3027.00,3018.14
3025.00,3018.48
3032.00,3019.13
3019.00,3019.12
3013.00,3018.84
3011.00,3018.50
3005.00,3017.93
2999.00,3017.15
2999.00,3016.40
3001.00,3015.76
2989.00,3014.67
2991.00,3013.70
2991.00,3012.77
2971.00,3011.04
2958.00,3008.76
2923.00,3004.88
2899.00,2999.55
2847.00,2990.77
2839.00,2980.18
2785.00,2963.89
2747.00,2941.35
2697.00,2909.66
2649.00,2867.47
2583.00,2811.27
2511.00,2740.22
2421.00,2652.53
2363.00,2562.67
2309.00,2479.24
2259.00,2406.24
2223.00,2347.02
2197.00,2301.07
2188.00,2268.87
2181.00,2246.12
2167.00,2227.66
2153.00,2211.78
2142.00,2198.07
2148.00,2188.91
2141.00,2180.88
2138.00,2174.23
2133.00,2168.29
2137.00,2164.07
2133.00,2160.17
2137.00,2157.45
2121.00,2153.45
2133.00,2151.30
2131.00,2149.30
2127.00,2147.22
2127.00,2145.43
2133.00,2144.38
2123.00,2142.68
2124.00,2141.25
2124.00,2139.98
2123.00,2138.77
2125.00,2137.83
2124.00,2136.93
2129.00,2136.43
2125.00,2135.74
2133.00,2135.58
2131.00,2135.33
2124.00,2134.73
2132.00,2134.59
2125.00,2134.12
2132.00,2134.02
2131.00,2133.88
2131.00,2133.76
2129.00,2133.56
2126.00,2133.25
2132.00,2133.20
2129.00,2133.04
2125.00,2132.74
2125.00,2132.46
2134.00,2132.51
2135.00,2132.60
2135.00,2132.68
2137.00,2132.82
2133.00,2132.82
2143.00,2133.14
2163.00,2134.05
2198.00,2136.06
2253.00,2140.06
2343.00,2148.27
2409.00,2162.31
2485.00,2186.74
2565.00,2228.64
2633.00,2294.50
2706.00,2388.14
2777.00,2502.16
2837.00,2616.89
2875.00,2710.82
2904.00,2779.51
2935.00,2830.85
2927.00,2859.90
2953.00,2884.55
2951.00,2900.44
2967.00,2914.62
2965.00,2924.42
2981.00,2934.40
2987.00,2943.03
2987.00,2949.78
2997.00,2956.54
3004.00,2962.96
3013.00,2969.42
3021.00,2975.84
3017.00,2980.81
3027.00,2986.14
3032.00,2991.28
3029.00,2995.39
3027.00,2998.71
3033.00,3002.15
3029.00,3004.75
3039.00,3007.92
3029.00,3009.82
3029.00,3011.46
3035.00,3013.39
3036.00,3015.17
3029.00,3016.23
3030.00,3017.23
3019.00,3017.35
3038.00,3018.69
3031.00,3019.48
3031.00,3020.18
3027.00,3020.58
3028.00,3021.00
3023.00,3021.11
3027.00,3021.41
3018.00,3021.24
3021.00,3021.23
3017.00,3021.04
3013.00,3020.69
3016.00,3020.49
3007.00,3019.93
3004.00,3019.29
3015.00,3019.11
3001.00,3018.41
3005.00,3017.89
3001.00,3017.24
3001.00,3016.62
2991.00,3015.65
2987.00,3014.56
2976.00,3013.06
2967.00,3011.21
2935.00,3008.01
2904.00,3003.20
2842.00,2994.68
2787.00,2981.11
2714.00,2958.50
2648.00,2922.80
2580.00,2868.96
2500.00,2791.73
2413.00,2690.70
2352.00,2582.59
2295.00,2482.31
2257.00,2402.43
2218.00,2339.79
2184.00,2290.35
2183.00,2258.80
2168.00,2234.91
2155.00,2215.96
2154.00,2202.60
2148.00,2191.94
2146.00,2183.77
2141.00,2176.81
2141.00,2171.44
2132.00,2165.97
2136.00,2162.07
2133.00,2158.55
2135.00,2155.88
2147.00,2154.93
2134.00,2152.89
2133.00,2151.05
2133.00,2149.47
2132.00,2148.02
2132.00,2146.75
2131.00,2145.56
2135.00,2144.79
2130.00,2143.77
2132.00,2142.99
2132.00,2142.30
2134.00,2141.79
2135.00,2141.40
2130.00,2140.76
2133.00,2140.34
2124.00,2139.49
2133.00,2139.16
2133.00,2138.86
2133.00,2138.58
2134.00,2138.37
2137.00,2138.31
2136.00,2138.22
2133.00,2138.00
2135.00,2137.88
2127.00,2137.47
2137.00,2137.45
2136.00,2137.40
2135.00,2137.31
2136.00,2137.27
2141.00,2137.39
2136.00,2137.35
2139.00,2137.40
2133.00,2137.26
2137.00,2137.26
2136.00,2137.22
2139.00,2137.27
2137.00,2137.26
2141.00,2137.36
2136.00,2137.33
2138.00,2137.34
2137.00,2137.34
2137.00,2137.33
2135.00,2137.27
2140.00,2137.34
2137.00,2137.33
2140.00,2137.39
2134.00,2137.31
2141.00,2137.39
2139.00,2137.43
2143.00,2137.55
2135.00,2137.49
2141.00,2137.56
2137.00,2137.55
2143.00,2137.66
2140.00,2137.71
2137.00,2137.69
2139.00,2137.72
2141.00,2137.78
2135.00,2137.73
2141.00,2137.79
2139.00,2137.81
2147.00,2137.98
2139.00,2137.99
2142.00,2138.06
2140.00,2138.10
2146.00,2138.23
2138.00,2138.23
2145.00,2138.34
2138.00,2138.34
2142.00,2138.40
2125.00,2138.18
2141.00,2138.23
2138.00,2138.22
2146.00,2138.35
2141.00,2138.39
2143.00,2138.46
2137.00,2138.44
2147.00,2138.57
2141.00,2138.61
2147.00,2138.74
2139.00,2138.74
2139.00,2138.75
2139.00,2138.75
2135.00,2138.70
2141.00,2138.73
2146.00,2138.84
2139.00,2138.84
2141.00,2138.87
2140.00,2138.89
2143.00,2138.94
2143.00,2139.00
2140.00,2139.01
2139.00,2139.01
2145.00,2139.10
2141.00,2139.12
2143.00,2139.17
2140.00,2139.18
2141.00,2139.21
2141.00,2139.23
2141.00,2139.25
2141.00,2139.28
2147.00,2139.37
2141.00,2139.40
2147.00,2139.49
2139.00,2139.48
2143.00,2139.53
2139.00,2139.52
2147.00,2139.61
2140.00,2139.62
2142.00,2139.65
2137.00,2139.61
2147.00,2139.70
2141.00,2139.72
2146.00,2139.79
